Temps (s),Vitesse (km/h),Inclinaison (°),Vitesse verticale (m*/h)
0.7998940944671631,0.9666710793972015,10.66657841205597,173.47402329921724
1.8847050666809082,0.9214706222216288,11.570587555567423,173.2353648853302
2.6854021549224854,0.8881082435448965,12.237835129102072,173.05921152591705
