Temps (s),Vitesse (km/h),Inclinaison (°),Vitesse verticale (m*/h)
2.158017873764038,0.910082588593165,11.798348228136698,173.17523606777192
5.139551162719727,0.7858520348866781,14.28295930226644,172.51929874420165
7.135984897613525,0.7026672959327698,15.946654081344604,172.080083322525
10.520864009857178,0.5616306662559509,18.76738667488098,171.3354099178314
