Temps (s),Vitesse (km/h),Inclinaison (°),Commentaire
1.0781924724578857,9.542846391677857,10.0,
2.4657561779022217,8.954519380569458,10.0,
