Temps (s),Vitesse (km/h),Inclinaison (°),Commentaire
1.0920560359954834,0.9453971982002258,11.092056035995483,
2.878081798553467,0.8560959100723267,12.878081798553467,
4.654084920883179,0.767295753955841,14.654084920883179,
6.449883937835693,0.6775058031082153,16.449883937835693,
8.4502534866333,0.5774873256683349,18.4502534866333,
