Temps (s),Vitesse (km/h),Inclinaison (°),Vitesse verticale (m*/h)
1.7855603694915771,4.0119037357966105,11.526211506035592,800.0
3.4237308502197266,4.022824872334798,11.513561189545525,800.0
4.558445930480957,4.03038963953654,11.504798667536841,800.0
5.5949931144714355,4.0372999540964765,11.496794219838247,800.0
6.675477027893066,4.044503180185954,11.488450482951269,800.0
8.550028324127197,4.057000188827515,11.473974781274794,800.0
